,0,maxtime,distance,mean_speed,energy,energy_to_dist,corankle,corhip,corknee
0,value,19.999,23.1395,1.1570328516425823,6736.6,291.12988612545644,-0.07804803955881538,0.8523461677707823,0.9133994936158846
