,0,maxtime,distance,mean_speed,energy,energy_to_dist,corankle,corhip,corknee
0,value,19.999,23.1107,1.155592779638982,6750.83,292.10841731319255,-0.06498561744968695,0.8485149009750881,0.9147151032240673
