velocity,minimize_passive_torques,minimize_activation,minimize_periodic_gait,maximize_distance
1.5105891531941407,15750.79540212879,198.68316745330714,43.17778625645313,22.66036544303973
