,0,maxtime,distance,mean_speed,energy,energy_to_dist,corankle,corhip,corknee
0,value,19.999,23.3271,1.1664133206660334,6665.55,285.74276270946666,-0.1001641204975218,0.8586828031391021,0.912027821450446
