velocity,minimize_passive_torques,minimize_activation,minimize_periodic_gait,maximize_distance
1.2920779064114187,19467.14206893253,150.72403237360402,5.89413484066911,25.80510303328561
