velocity,minimize_passive_torques,minimize_activation,minimize_periodic_gait,maximize_distance
1.3795504542500545,18810.410829996614,157.1015792074959,67.8531531621107,26.15577730199503
