,0,maxtime,distance,mean_speed,energy,energy_to_dist,corankle,corhip,corknee
0,value,19.999,23.624,1.1812590629531476,5640.71,238.7703183203522,0.1620520651505027,0.8529859353219104,0.9132609627348608
